radius_m,mu,g_mps2,safety_margin,vmax_mps,vmax_kph,curvature_1pm
8.0,0.3,9.80665,0.9,4.3662486873745525,15.71849527454839,0.125
8.682220967164563,0.3,9.80665,0.9,4.5486119911658305,16.37500316819699,0.11517790249544636
9.422620115333999,0.3,9.80665,0.9,4.738591987672262,17.058931155620144,0.10612759378600434
10.22615874137243,0.3,9.80665,0.9,4.936506800149518,17.771424480538265,0.09778842919328595
11.098221229737115,0.3,9.80665,0.9,5.142687838775767,18.51367621959276,0.09010452930245716
12.044651132381807,0.3,9.80665,0.9,5.357480355601073,19.286929280163864,0.083024405523172
13.07179032546847,0.3,9.80665,0.9,5.581244022675147,20.09247848163053,0.07650061507272239
14.18652150527016,0.3,9.80665,0.9,5.814353534321491,20.931672723557366,0.07048944306950151
15.396314308023445,0.3,9.80665,0.9,6.057199234566507,21.805917244439428,0.06495060960653891
16.70927536277212,0.3,9.80665,0.9,6.310187770774179,22.716675974787044,0.05984699984225389
18.134202612598305,0.3,9.80665,0.9,6.573742774580812,23.665473988490923,0.055144415299808874
19.68064426823892,0.3,9.80665,0.9,6.848305571270125,24.65390005657245,0.050811344708558304
21.35896278912639,0.3,9.80665,0.9,7.13433591877651,25.683609307595436,0.046818752852038716
23.180404320580113,0.3,9.80665,0.9,7.432312777553924,26.756325999194125,0.043139886007604114
25.157174052436584,0.3,9.80665,0.9,7.742735112599586,27.87384640535851,0.039750092673987984
27.302518004084163,0.3,9.80665,0.9,8.066122728975474,29.038041824311705,0.03662665838551634
29.630811783930948,0.3,9.80665,0.9,8.403017142226679,30.250861712016043,0.033748653506088175
32.15765691806901,0.3,9.80665,0.9,8.753982485154188,31.514336946555076,0.031096792983014623
34.899985393617925,0.3,9.80665,0.9,9.119606452460465,32.83058322885768,0.0286533071209499
37.87617311727583,0.3,9.80665,0.9,9.500501284849634,34.201804625458685,0.02640182250999076
41.106163049345874,0.3,9.80665,0.9,9.897304794230187,35.630297259228676,0.024327252310062372
44.61159883833952,0.3,9.80665,0.9,10.310681431736922,37.11845315425292,0.02241569515640388
48.415969851620716,0.3,9.80665,0.9,10.741323400360464,38.66876424129767,0.020654342008735473
52.54476857391859,0.3,9.80665,0.9,11.18995181404758,40.28382653057129,0.01903139031991789
57.02566142841072,0.3,9.80665,0.9,11.657317905213125,41.96634445876725,0.017535964948962268
61.88867416502191,0.3,9.80665,0.9,12.144204282685637,43.71913541766829,0.01615804528844112
67.16639305819612,0.3,9.80665,0.9,12.651426242193038,45.54513447189494,0.014888398117992625
72.89418326233583,0.3,9.80665,0.9,13.17983313158286,47.4473992736983,0.013718515733980334
79.11042578807361,0.3,9.80665,0.9,13.730309773063052,49.42911518302699,0.012640558940725057
85.8567746873161,0.3,9.80665,0.9,14.303777944844871,51.493600601441536,0.011647304521302186
93.17843617041748,0.3,9.80665,0.9,14.901197924669068,53.64431252880865,0.010732096835914515
101.12447152580039,0.3,9.80665,0.9,15.523570097799771,55.88485235207918,0.009888803223509207
109.7481258718426,0.3,9.80665,0.9,16.171936632178863,58.218971875843906,0.009111772907791985
119.10718494394104,0.3,9.80665,0.9,16.847383223545766,60.65057960476476,0.008395799132274511
129.2643623075289,0.3,9.80665,0.9,17.551040913444997,63.18374728840199,0.007736084270627743
140.28771959169813,0.3,9.80665,0.9,18.284087983165694,65.8227167393965,0.007128207678551341
152.25112255934317,0.3,9.80665,0.9,19.04775192678442,68.57190693642391,0.006568096071739821
165.2347360698837,0.3,9.80665,0.9,19.84331150661535,71.43592142381526,0.006051996231452594
179.32556125123102,0.3,9.80665,0.9,20.67209889450961,74.4195560202346,0.00557644985479244
194.61801848049907,0.3,9.80665,0.9,21.535501902589225,77.52780684932121,0.005138270381168232
211.21458007992592,0.3,9.80665,0.9,22.43496630715134,80.76587870574483,0.004734521639659483
229.22645696759918,0.3,9.80665,0.9,23.37199826963406,84.13919377068261,0.004362498174202241
248.7743438641171,0.3,9.80665,0.9,24.348166858697507,87.65340069131102,0.0040197071147586244
269.98922804870523,0.3,9.80665,0.9,25.365106677643837,91.31438403951782,0.0037038514729913707
293.0132670841307,0.3,9.80665,0.9,26.4245206015756,95.12827416567217,0.0034128147505105206
318.000741391904,0.3,9.80665,0.9,27.528182628875673,99.10145746395243,0.0031446467565545717
345.1190880608327,0.3,9.80665,0.9,28.677940851783955,103.24058706642224,0.002897550540072516
374.5500228163097,0.3,9.80665,0.9,29.875720551044953,107.55259398376184,0.002669870348640799
406.4907576684666,0.3,9.80665,0.9,31.123527419808003,112.04469871130881,0.0024600805335298643
441.15532239847073,0.3,9.80665,0.9,32.42345092217897,116.7244233198443,0.0022667753265747893
478.7759987380311,0.3,9.80665,0.9,33.777667792047275,121.59960405137019,0.0020886594203465155
519.604876852311,0.3,9.80665,0.9,35.18844567804669,126.6784044409681,0.0019245392885029315
563.9155445560118,0.3,9.80665,0.9,36.658146940754,131.9693289867144,0.0017733151881587713
612.0049205817791,0.3,9.80665,0.9,38.18923260848354,137.48123739054077,0.001633973790683559
664.1952441853756,0.3,9.80665,0.9,39.78426649830175,143.22335939388628,0.0015055813915477267
720.8362344196568,0.3,9.80665,0.9,41.44591950916255,149.2053102329852,0.0013872776537171404
782.3074335462875,0.3,9.80665,0.9,43.17697409435229,155.43710673966825,0.001278269842671554
849.0207502880353,0.3,9.80665,0.9,44.980328920733285,161.92918411463984,0.001177827514416749
921.42321996357,0.3,9.80665,0.9,46.85900372258832,168.69241340131796,0.0010852776208955714
1000.0,0.3,9.80665,0.9,48.81614435819363,175.73811968949707,0.001
8.0,0.37777777777777777,9.80665,0.9,4.899661131139581,17.63878007210249,0.125
8.682220967164563,0.37777777777777777,9.80665,0.9,5.104303251941364,18.37549170698891,0.11517790249544636
9.422620115333999,0.37777777777777777,9.80665,0.9,5.317492575597664,19.142973272151593,0.10612759378600434
10.22615874137243,0.37777777777777777,9.80665,0.9,5.5395860895964475,19.942509922547213,0.09778842919328595
11.098221229737115,0.37777777777777777,9.80665,0.9,5.770955691574494,20.77544048966818,0.09010452930245716
12.044651132381807,0.37777777777777777,9.80665,0.9,6.0119888120634295,21.643159723428347,0.083024405523172
13.07179032546847,0.37777777777777777,9.80665,0.9,6.263089063245719,22.54712062768459,0.07650061507272239
14.18652150527016,0.37777777777777777,9.80665,0.9,6.524676914806987,23.488836893305155,0.07048944306950151
15.396314308023445,0.37777777777777777,9.80665,0.9,6.797190398016382,24.469885432858977,0.06495060960653891
16.70927536277212,0.37777777777777777,9.80665,0.9,7.081085839213979,25.491909021170326,0.05984699984225389
18.134202612598305,0.37777777777777777,9.80665,0.9,7.3768386239334385,26.556619046160378,0.055144415299808874
19.68064426823892,0.37777777777777777,9.80665,0.9,7.684943992939461,27.66579837458206,0.050811344708558304
21.35896278912639,0.37777777777777777,9.80665,0.9,8.005917871513034,28.821304337446925,0.046818752852038716
23.180404320580113,0.37777777777777777,9.80665,0.9,8.340297733373047,30.02507184014297,0.043139886007604114
25.157174052436584,0.37777777777777777,9.80665,0.9,8.688643500680996,31.279116602451587,0.039750092673987984
27.302518004084163,0.37777777777777777,9.80665,0.9,9.05153848163582,32.58553853388895,0.03662665838551634
29.630811783930948,0.37777777777777777,9.80665,0.9,9.429590347228837,33.94652525002381,0.033748653506088175
32.15765691806901,0.37777777777777777,9.80665,0.9,9.823432148794428,35.36435573565994,0.031096792983014623
34.899985393617925,0.37777777777777777,9.80665,0.9,10.233723378060347,36.84140416101725,0.0286533071209499
37.87617311727583,0.37777777777777777,9.80665,0.9,10.66115107147268,38.380143857301654,0.02640182250999076
41.106163049345874,0.37777777777777777,9.80665,0.9,11.106430960644717,39.98315145832098,0.024327252310062372
44.61159883833952,0.37777777777777777,9.80665,0.9,11.570308670856136,41.65311121508209,0.02241569515640388
48.415969851620716,0.37777777777777777,9.80665,0.9,12.053560969609407,43.392819490593865,0.020654342008735473
52.54476857391859,0.37777777777777777,9.80665,0.9,12.556997067334136,45.20518944240289,0.01903139031991789
57.02566142841072,0.37777777777777777,9.80665,0.9,13.081459972417402,47.09325590070265,0.017535964948962268
61.88867416502191,0.37777777777777777,9.80665,0.9,13.627827902829054,49.060180450184596,0.01615804528844112
67.16639305819612,0.37777777777777777,9.80665,0.9,14.197015756705795,51.10925672414086,0.014888398117992625
72.89418326233583,0.37777777777777777,9.80665,0.9,14.789976644356585,53.24391591968371,0.013718515733980334
79.11042578807361,0.37777777777777777,9.80665,0.9,15.407703484254597,55.46773254331655,0.012640558940725057
85.8567746873161,0.37777777777777777,9.80665,0.9,16.05123066568837,57.78443039647813,0.011647304521302186
93.17843617041748,0.37777777777777777,9.80665,0.9,16.72163578085622,60.1978888110824,0.010732096835914515
101.12447152580039,0.37777777777777777,9.80665,0.9,17.420041429304298,62.712149145495474,0.009888803223509207
109.7481258718426,0.37777777777777777,9.80665,0.9,18.14761709772989,65.3314215518276,0.009111772907791985
119.10718494394104,0.37777777777777777,9.80665,0.9,18.905581118297654,68.06009202587155,0.008395799132274511
129.2643623075289,0.37777777777777777,9.80665,0.9,19.69520270874807,70.90272975149306,0.007736084270627743
140.28771959169813,0.37777777777777777,9.80665,0.9,20.517804097714297,73.86409475177147,0.007128207678551341
152.25112255934317,0.37777777777777777,9.80665,0.9,21.374762738806115,76.94914585970201,0.006568096071739821
165.2347360698837,0.37777777777777777,9.80665,0.9,22.26751361716875,80.1630490218075,0.006051996231452594
179.32556125123102,0.37777777777777777,9.80665,0.9,23.197551652378785,83.51118594856362,0.00557644985479244
194.61801848049907,0.37777777777777777,9.80665,0.9,24.166434201700643,86.99916312612231,0.005138270381168232
211.21458007992592,0.37777777777777777,9.80665,0.9,25.175783667895754,90.63282120442472,0.004734521639659483
229.22645696759918,0.37777777777777777,9.80665,0.9,26.22729021595101,94.41824477742364,0.004362498174202241
248.7743438641171,0.37777777777777777,9.80665,0.9,27.322714603275486,98.36177257179175,0.0040197071147586244
269.98922804870523,0.37777777777777777,9.80665,0.9,28.463891128104983,102.47000806117794,0.0037038514729913707
293.0132670841307,0.37777777777777777,9.80665,0.9,29.652730701051475,106.7498305237853,0.0034128147505105206
318.000741391904,0.37777777777777777,9.80665,0.9,30.89122404494034,111.20840656178522,0.0031446467565545717
345.1190880608327,0.37777777777777777,9.80665,0.9,32.18144502829418,115.85320210185904,0.002897550540072516
374.5500228163097,0.37777777777777777,9.80665,0.9,33.52555413804488,120.69199489696157,0.002669870348640799
406.4907576684666,0.37777777777777777,9.80665,0.9,34.92580209728872,125.73288755023938,0.0024600805335298643
441.15532239847073,0.37777777777777777,9.80665,0.9,36.38453363414299,130.98432108291476,0.0022667753265747893
478.7759987380311,0.37777777777777777,9.80665,0.9,37.904191408015016,136.45508906885405,0.0020886594203465155
519.604876852311,0.37777777777777777,9.80665,0.9,39.48732009985759,142.15435235948732,0.0019245392885029315
563.9155445560118,0.37777777777777777,9.80665,0.9,41.136570673260856,148.09165442373907,0.0017733151881587713
612.0049205817791,0.37777777777777777,9.80665,0.9,42.85470481351529,154.27693732865504,0.001633973790683559
664.1952441853756,0.37777777777777777,9.80665,0.9,44.64459955207905,160.72055838748457,0.0015055813915477267
720.8362344196568,0.37777777777777777,9.80665,0.9,46.509252084193825,167.43330750309778,0.0013872776537171404
782.3074335462875,0.37777777777777777,9.80665,0.9,48.45178478771582,174.42642523577697,0.001278269842671554
849.0207502880353,0.37777777777777777,9.80665,0.9,50.47545045156627,181.71162162563857,0.001177827514416749
921.42321996357,0.37777777777777777,9.80665,0.9,52.58363772255641,189.30109580120308,0.0010852776208955714
1000.0,0.37777777777777777,9.80665,0.9,54.779876779708076,197.20755640694907,0.001
8.0,0.45555555555555555,9.80665,0.9,5.38044894037663,19.36961618535587,0.125
8.682220967164563,0.45555555555555555,9.80665,0.9,5.6051719268351405,20.178618936606508,0.11517790249544636
9.422620115333999,0.45555555555555555,9.80665,0.9,5.839280825362043,21.021410971303357,0.10612759378600434
10.22615874137243,0.45555555555555555,9.80665,0.9,6.083167653466284,21.899403552478624,0.09778842919328595
11.098221229737115,0.45555555555555555,9.80665,0.9,6.337240801890042,22.814066886804152,0.09010452930245716
12.044651132381807,0.45555555555555555,9.80665,0.9,6.6019257184627795,23.766932586466005,0.083024405523172
13.07179032546847,0.45555555555555555,9.80665,0.9,6.877665620517563,24.759596233863228,0.07650061507272239
14.18652150527016,0.45555555555555555,9.80665,0.9,7.164922237062567,25.79372005342524,0.07048944306950151
15.396314308023445,0.45555555555555555,9.80665,0.9,7.464176581950559,26.871035695022012,0.06495060960653891
16.70927536277212,0.45555555555555555,9.80665,0.9,7.775929759341033,27.99334713362772,0.05984699984225389
18.134202612598305,0.45555555555555555,9.80665,0.9,8.100703802803736,29.16253369009345,0.055144415299808874
19.68064426823892,0.45555555555555555,9.80665,0.9,8.439042549468702,30.38055317808733,0.050811344708558304
21.35896278912639,0.45555555555555555,9.80665,0.9,8.791512550686539,31.649445182471542,0.046818752852038716
23.180404320580113,0.45555555555555555,9.80665,0.9,9.158704020723885,32.97133447460599,0.043139886007604114
25.157174052436584,0.45555555555555555,9.80665,0.9,9.541231825082638,34.3484345702975,0.039750092673987984
27.302518004084163,0.45555555555555555,9.80665,0.9,9.939736510097914,35.783051436352494,0.03662665838551634
29.630811783930948,0.45555555555555555,9.80665,0.9,10.35488537553879,37.277587351939644,0.033748653506088175
32.15765691806901,0.45555555555555555,9.80665,0.9,10.787373592007905,38.83454493122846,0.031096792983014623
34.899985393617925,0.45555555555555555,9.80665,0.9,11.237925365011073,40.456531314039864,0.0286533071209499
37.87617311727583,0.45555555555555555,9.80665,0.9,11.707295147646049,42.14626253152578,0.02640182250999076
41.106163049345874,0.45555555555555555,9.80665,0.9,12.196268903941204,43.906568054188334,0.024327252310062372
44.61159883833952,0.45555555555555555,9.80665,0.9,12.70566542495956,45.74039552985442,0.02241569515640388
48.415969851620716,0.45555555555555555,9.80665,0.9,13.236337699871942,47.650815719539,0.020654342008735473
52.54476857391859,0.45555555555555555,9.80665,0.9,13.78917434429522,49.6410276394628,0.01903139031991789
57.02566142841072,0.45555555555555555,9.80665,0.9,14.36510108828737,51.71436391783453,0.017535964948962268
61.88867416502191,0.45555555555555555,9.80665,0.9,14.965082326490961,53.874296375367464,0.01615804528844112
67.16639305819612,0.45555555555555555,9.80665,0.9,15.590122733020886,56.12444183887519,0.014888398117992625
72.89418326233583,0.45555555555555555,9.80665,0.9,16.241268943800453,58.468568197681634,0.013718515733980334
79.11042578807361,0.45555555555555555,9.80665,0.9,16.919611309162864,60.91060071298631,0.012640558940725057
85.8567746873161,0.45555555555555555,9.80665,0.9,17.626285719652877,63.45462859075036,0.011647304521302186
93.17843617041748,0.45555555555555555,9.80665,0.9,18.362475508086064,66.10491182910984,0.010732096835914515
101.12447152580039,0.45555555555555555,9.80665,0.9,19.129413431050438,68.86588835178158,0.009888803223509207
109.7481258718426,0.45555555555555555,9.80665,0.9,19.928383733168825,71.74218143940777,0.009111772907791985
119.10718494394104,0.45555555555555555,9.80665,0.9,20.76072429757821,74.73860747128155,0.008395799132274511
129.2643623075289,0.45555555555555555,9.80665,0.9,21.627828886227444,77.8601839904188,0.007736084270627743
140.28771959169813,0.45555555555555555,9.80665,0.9,22.53114947374454,81.11213810548035,0.007128207678551341
152.25112255934317,0.45555555555555555,9.80665,0.9,23.47219867878144,84.49991524361319,0.006568096071739821
165.2347360698837,0.45555555555555555,9.80665,0.9,24.452552296907953,88.02918826886864,0.006051996231452594
179.32556125123102,0.45555555555555555,9.80665,0.9,25.47385193929607,91.70586698146585,0.00557644985479244
194.61801848049907,0.45555555555555555,9.80665,0.9,26.537807781612806,95.5361080138061,0.005138270381168232
211.21458007992592,0.45555555555555555,9.80665,0.9,27.646201427725245,99.52632513981088,0.004734521639659483
229.22645696759918,0.45555555555555555,9.80665,0.9,28.8008888930127,103.68320001484572,0.004362498174202241
248.7743438641171,0.45555555555555555,9.80665,0.9,30.0038037122814,108.01369336421304,0.0040197071147586244
269.98922804870523,0.45555555555555555,9.80665,0.9,31.256960177486473,112.5250566389513,0.0037038514729913707
293.0132670841307,0.45555555555555555,9.80665,0.9,32.56245671068244,117.22484415845679,0.0034128147505105206
318.000741391904,0.45555555555555555,9.80665,0.9,33.92247937785014,122.1209257602605,0.0031446467565545717
345.1190880608327,0.45555555555555555,9.80665,0.9,35.339305549484436,127.22149997814397,0.002897550540072516
374.5500228163097,0.45555555555555555,9.80665,0.9,36.81530771407223,132.53510777066003,0.002669870348640799
406.4907576684666,0.45555555555555555,9.80665,0.9,38.352957450846134,138.07064682304608,0.0024600805335298643
441.15532239847073,0.45555555555555555,9.80665,0.9,39.95482956846666,143.83738644647997,0.0022667753265747893
478.7759987380311,0.45555555555555555,9.80665,0.9,41.62360641656333,149.84498309962797,0.0020886594203465155
519.604876852311,0.45555555555555555,9.80665,0.9,43.3620823773535,156.1034965584726,0.0019245392885029315
563.9155445560118,0.45555555555555555,9.80665,0.9,45.17316854486143,162.62340676150117,0.0017733151881587713
612.0049205817791,0.45555555555555555,9.80665,0.9,47.05989759957196,169.41563135845905,0.001633973790683559
664.1952441853756,0.45555555555555555,9.80665,0.9,49.02542888668186,176.4915439920547,0.0015055813915477267
720.8362344196568,0.45555555555555555,9.80665,0.9,51.07305370645262,183.86299334322942,0.0013872776537171404
782.3074335462875,0.45555555555555555,9.80665,0.9,53.20620082552308,191.54232297188307,0.001278269842671554
849.0207502880353,0.45555555555555555,9.80665,0.9,55.428442218410645,199.54239198627832,0.001177827514416749
921.42321996357,0.45555555555555555,9.80665,0.9,57.743499048815615,207.87659657573622,0.0010852776208955714
1000.0,0.45555555555555555,9.80665,0.9,60.155247900744286,216.55889244267942,0.001
8.0,0.5333333333333333,9.80665,0.9,5.821664916499403,20.95799369939785,0.125
8.682220967164563,0.5333333333333333,9.80665,0.9,6.064815988221108,21.83333755759599,0.11517790249544636
9.422620115333999,0.5333333333333333,9.80665,0.9,6.318122650229682,22.745241540826857,0.10612759378600434
10.22615874137243,0.5333333333333333,9.80665,0.9,6.582009066866023,23.695232640717684,0.09778842919328595
11.098221229737115,0.5333333333333333,9.80665,0.9,6.856917118367688,24.68490162612368,0.09010452930245716
12.044651132381807,0.5333333333333333,9.80665,0.9,7.143307140801432,25.715905706885156,0.083024405523172
13.07179032546847,0.5333333333333333,9.80665,0.9,7.4416586969001965,26.78997130884071,0.07650061507272239
14.18652150527016,0.5333333333333333,9.80665,0.9,7.75247137909532,27.908896964743153,0.07048944306950151
15.396314308023445,0.5333333333333333,9.80665,0.9,8.076265646088677,29.07455632591924,0.06495060960653891
16.70927536277212,0.5333333333333333,9.80665,0.9,8.413583694365572,30.28890129971606,0.05984699984225389
18.134202612598305,0.5333333333333333,9.80665,0.9,8.76499036610775,31.5539653179879,0.055144415299808874
19.68064426823892,0.5333333333333333,9.80665,0.9,9.131074095026834,32.87186674209661,0.050811344708558304
21.35896278912639,0.5333333333333333,9.80665,0.9,9.512447891702015,34.24481241012725,0.046818752852038716
23.180404320580113,0.5333333333333333,9.80665,0.9,9.9097503700719,35.67510133225884,0.043139886007604114
25.157174052436584,0.5333333333333333,9.80665,0.9,10.323646816799446,37.16512854047801,0.039750092673987984
27.302518004084163,0.5333333333333333,9.80665,0.9,10.754830305300631,38.717389099082276,0.03662665838551634
29.630811783930948,0.5333333333333333,9.80665,0.9,11.204022856302238,40.33448228268806,0.033748653506088175
32.15765691806901,0.5333333333333333,9.80665,0.9,11.67197664687225,42.019115928740106,0.031096792983014623
34.899985393617925,0.5333333333333333,9.80665,0.9,12.159475269947288,43.77411097181024,0.0286533071209499
37.87617311727583,0.5333333333333333,9.80665,0.9,12.667335046466176,45.60240616727823,0.02640182250999076
41.106163049345874,0.5333333333333333,9.80665,0.9,13.196406392306917,47.507063012304904,0.024327252310062372
44.61159883833952,0.5333333333333333,9.80665,0.9,13.747575242315897,49.49127087233723,0.02241569515640388
48.415969851620716,0.5333333333333333,9.80665,0.9,14.321764533813955,51.55835232173024,0.020654342008735473
52.54476857391859,0.5333333333333333,9.80665,0.9,14.91993575206344,53.711768707428384,0.01903139031991789
57.02566142841072,0.5333333333333333,9.80665,0.9,15.543090540284169,55.955125945023006,0.017535964948962268
61.88867416502191,0.5333333333333333,9.80665,0.9,16.192272376914183,58.29218055689106,0.01615804528844112
67.16639305819612,0.5333333333333333,9.80665,0.9,16.868568322924048,60.726845962526575,0.014888398117992625
72.89418326233583,0.5333333333333333,9.80665,0.9,17.573110842110484,63.26319903159774,0.013718515733980334
79.11042578807361,0.5333333333333333,9.80665,0.9,18.307079697417404,65.90548691070265,0.012640558940725057
85.8567746873161,0.5333333333333333,9.80665,0.9,19.07170392645983,68.65813413525538,0.011647304521302186
93.17843617041748,0.5333333333333333,9.80665,0.9,19.868263899558762,71.52575003841154,0.010732096835914515
101.12447152580039,0.5333333333333333,9.80665,0.9,20.698093463733027,74.5131364694389,0.009888803223509207
109.7481258718426,0.5333333333333333,9.80665,0.9,21.562582176238482,77.62529583445854,0.009111772907791985
119.10718494394104,0.5333333333333333,9.80665,0.9,22.463177631394355,80.86743947301969,0.008395799132274511
129.2643623075289,0.5333333333333333,9.80665,0.9,23.40138788459333,84.244996384536,0.007736084270627743
140.28771959169813,0.5333333333333333,9.80665,0.9,24.37878397755426,87.76362231919533,0.007128207678551341
152.25112255934317,0.5333333333333333,9.80665,0.9,25.397002569045895,91.42920924856523,0.006568096071739821
165.2347360698837,0.5333333333333333,9.80665,0.9,26.457748675487135,95.24789523175369,0.006051996231452594
179.32556125123102,0.5333333333333333,9.80665,0.9,27.562798526012816,99.22607469364614,0.00557644985479244
194.61801848049907,0.5333333333333333,9.80665,0.9,28.71400253678563,103.37040913242828,0.005138270381168232
211.21458007992592,0.5333333333333333,9.80665,0.9,29.91328840953512,107.68783827432644,0.004734521639659483
229.22645696759918,0.5333333333333333,9.80665,0.9,31.162664359512082,112.1855916942435,0.004362498174202241
248.7743438641171,0.5333333333333333,9.80665,0.9,32.464222478263345,116.87120092174804,0.0040197071147586244
269.98922804870523,0.5333333333333333,9.80665,0.9,33.82014223685845,121.75251205269043,0.0037038514729913707
293.0132670841307,0.5333333333333333,9.80665,0.9,35.23269413543414,126.8376988875629,0.0034128147505105206
318.000741391904,0.5333333333333333,9.80665,0.9,36.70424350516757,132.13527661860326,0.0031446467565545717
345.1190880608327,0.5333333333333333,9.80665,0.9,38.237254469045276,137.654116088563,0.002897550540072516
374.5500228163097,0.5333333333333333,9.80665,0.9,39.83429406805995,143.4034586450158,0.002669870348640799
406.4907576684666,0.5333333333333333,9.80665,0.9,41.498036559744,149.3929316150784,0.0024600805335298643
441.15532239847073,0.5333333333333333,9.80665,0.9,43.23126789623862,155.63256442645903,0.0022667753265747893
478.7759987380311,0.5333333333333333,9.80665,0.9,45.03689038939637,162.13280540182694,0.0020886594203465155
519.604876852311,0.5333333333333333,9.80665,0.9,46.91792757072893,168.90453925462415,0.0019245392885029315
563.9155445560118,0.5333333333333333,9.80665,0.9,48.87752925433867,175.9591053156192,0.0017733151881587713
612.0049205817791,0.5333333333333333,9.80665,0.9,50.918976811311396,183.30831652072104,0.001633973790683559
664.1952441853756,0.5333333333333333,9.80665,0.9,53.045688664402334,190.9644791918484,0.0015055813915477267
720.8362344196568,0.5333333333333333,9.80665,0.9,55.26122601221674,198.94041364398026,0.0013872776537171404
782.3074335462875,0.5333333333333333,9.80665,0.9,57.56929879246971,207.24947565289096,0.001278269842671554
849.0207502880353,0.5333333333333333,9.80665,0.9,59.97377189431105,215.90557881951977,0.001177827514416749
921.42321996357,0.5333333333333333,9.80665,0.9,62.47867163011776,224.92321786842393,0.0010852776208955714
1000.0,0.5333333333333333,9.80665,0.9,65.0881924775915,234.31749291932942,0.001
8.0,0.6111111111111112,9.80665,0.9,6.231719987290829,22.434191954246984,0.125
8.682220967164563,0.6111111111111112,9.80665,0.9,6.491997659625577,23.371191574652077,0.11517790249544636
9.422620115333999,0.6111111111111112,9.80665,0.9,6.763146241894365,24.347326470819713,0.10612759378600434
10.22615874137243,0.6111111111111112,9.80665,0.9,7.045619774898059,25.364231189633013,0.09778842919328595
11.098221229737115,0.6111111111111112,9.80665,0.9,7.339891263171938,26.42360854741898,0.09010452930245716
12.044651132381807,0.6111111111111112,9.80665,0.9,7.646453467036151,27.527232481330145,0.083024405523172
13.07179032546847,0.6111111111111112,9.80665,0.9,7.965819727727423,28.676951019818723,0.07650061507272239
14.18652150527016,0.6111111111111112,9.80665,0.9,8.298524826993683,29.87468937717726,0.07048944306950151
15.396314308023445,0.6111111111111112,9.80665,0.9,8.64512588259102,31.122453177327674,0.06495060960653891
16.70927536277212,0.6111111111111112,9.80665,0.9,9.006203281182529,32.422331812257106,0.05984699984225389
18.134202612598305,0.6111111111111112,9.80665,0.9,9.382361650201105,33.77650194072398,0.055144415299808874
19.68064426823892,0.6111111111111112,9.80665,0.9,9.774230870303656,35.187231133093164,0.050811344708558304
21.35896278912639,0.6111111111111112,9.80665,0.9,10.182467130112094,36.65688166840354,0.046818752852038716
23.180404320580113,0.6111111111111112,9.80665,0.9,10.607754025007198,38.18791449002591,0.043139886007604114
25.157174052436584,0.6111111111111112,9.80665,0.9,11.050803701815402,39.78289332653545,0.039750092673987984
27.302518004084163,0.6111111111111112,9.80665,0.9,11.512358051305224,41.44448898469881,0.03662665838551634
29.630811783930948,0.6111111111111112,9.80665,0.9,11.993189950490187,43.17548382176467,0.033748653506088175
32.15765691806901,0.6111111111111112,9.80665,0.9,12.4941045568185,44.9787764045466,0.031096792983014623
34.899985393617925,0.6111111111111112,9.80665,0.9,13.015940656416655,46.857386363099955,0.0286533071209499
37.87617311727583,0.6111111111111112,9.80665,0.9,13.559572068644492,48.81445944712017,0.02640182250999076
41.106163049345874,0.6111111111111112,9.80665,0.9,14.125909109313797,50.85327279352967,0.024327252310062372
44.61159883833952,0.6111111111111112,9.80665,0.9,14.715900115020524,52.97724041407389,0.02241569515640388
48.415969851620716,0.6111111111111112,9.80665,0.9,15.33053303114315,55.18991891211534,0.020654342008735473
52.54476857391859,0.6111111111111112,9.80665,0.9,15.970837066166327,57.495013438198775,0.01903139031991789
57.02566142841072,0.6111111111111112,9.80665,0.9,16.6378844151,59.89638389436,0.017535964948962268
61.88867416502191,0.6111111111111112,9.80665,0.9,17.33279205487979,62.398051397567244,0.01615804528844112
67.16639305819612,0.6111111111111112,9.80665,0.9,18.056723614755217,65.00420501311878,0.014888398117992625
72.89418326233583,0.6111111111111112,9.80665,0.9,18.81089132479758,67.71920876927129,0.013718515733980334
79.11042578807361,0.6111111111111112,9.80665,0.9,19.596558045790413,70.5476089648455,0.012640558940725057
85.8567746873161,0.6111111111111112,9.80665,0.9,20.41503938390145,73.49414178204523,0.011647304521302186
93.17843617041748,0.6111111111111112,9.80665,0.9,21.267705893677373,76.56374121723854,0.010732096835914515
101.12447152580039,0.6111111111111112,9.80665,0.9,22.155985373049937,79.76154734297978,0.009888803223509207
109.7481258718426,0.6111111111111112,9.80665,0.9,23.081365254196882,83.09291491510878,0.009111772907791985
119.10718494394104,0.6111111111111112,9.80665,0.9,24.045395094260716,86.56342233933857,0.008395799132274511
129.2643623075289,0.6111111111111112,9.80665,0.9,25.049689170096475,90.1788810123473,0.007736084270627743
140.28771959169813,0.6111111111111112,9.80665,0.9,26.095929181393288,93.94534505301584,0.007128207678551341
152.25112255934317,0.6111111111111112,9.80665,0.9,27.18586706669586,97.86912144010509,0.006568096071739821
165.2347360698837,0.6111111111111112,9.80665,0.9,28.321327937041794,101.95678057335046,0.006051996231452594
179.32556125123102,0.6111111111111112,9.80665,0.9,29.504213132126917,106.21516727565691,0.00557644985479244
194.61801848049907,0.6111111111111112,9.80665,0.9,30.736503404115997,110.65141225481759,0.005138270381168232
211.21458007992592,0.6111111111111112,9.80665,0.9,32.02026223443054,115.27294404394995,0.004734521639659483
229.22645696759918,0.6111111111111112,9.80665,0.9,33.35763928906761,120.08750144064341,0.004362498174202241
248.7743438641171,0.6111111111111112,9.80665,0.9,34.750874018235095,125.10314646564635,0.0040197071147586244
269.98922804870523,0.6111111111111112,9.80665,0.9,36.202299406331896,130.32827786279483,0.0037038514729913707
293.0132670841307,0.6111111111111112,9.80665,0.9,37.71434587855187,135.77164516278674,0.0034128147505105206
318.000741391904,0.6111111111111112,9.80665,0.9,39.28954537065304,141.44236333435094,0.0031446467565545717
345.1190880608327,0.6111111111111112,9.80665,0.9,40.93053556870743,147.34992804734674,0.002897550540072516
374.5500228163097,0.6111111111111112,9.80665,0.9,42.64006432593089,153.5042315733512,0.002669870348640799
406.4907576684666,0.6111111111111112,9.80665,0.9,44.420994263988355,159.9155793503581,0.0024600805335298643
441.15532239847073,0.6111111111111112,9.80665,0.9,46.27630756648035,166.59470723932927,0.0022667753265747893
478.7759987380311,0.6111111111111112,9.80665,0.9,48.209110972637056,173.5527995014934,0.0020886594203465155
519.604876852311,0.6111111111111112,9.80665,0.9,50.2226409795815,180.8015075264934,0.0019245392885029315
563.9155445560118,0.6111111111111112,9.80665,0.9,52.32026926187408,188.3529693427467,0.0017733151881587713
612.0049205817791,0.6111111111111112,9.80665,0.9,54.50550831741261,196.2198299426854,0.001633973790683559
664.1952441853756,0.6111111111111112,9.80665,0.9,56.782017349142365,204.41526245691253,0.0015055813915477267
720.8362344196568,0.6111111111111112,9.80665,0.9,59.15360839242528,212.952990212731,0.0013872776537171404
782.3074335462875,0.6111111111111112,9.80665,0.9,61.62425269832825,221.8473097139817,0.001278269842671554
849.0207502880353,0.6111111111111112,9.80665,0.9,64.1980873835196,231.11311458067058,0.001177827514416749
921.42321996357,0.6111111111111112,9.80665,0.9,66.8794223579091,240.7659204884728,0.0010852776208955714
1000.0,0.6111111111111112,9.80665,0.9,69.6727475416321,250.8218911498756,0.001
8.0,0.6888888888888889,9.80665,0.9,6.616410325848904,23.819077173056055,0.125
8.682220967164563,0.6888888888888889,9.80665,0.9,6.892755200512023,24.813918721843283,0.11517790249544636
9.422620115333999,0.6888888888888889,9.80665,0.9,7.180642057306185,25.850311406302268,0.10612759378600434
10.22615874137243,0.6888888888888889,9.80665,0.9,7.480552965427263,26.929990675538146,0.09778842919328595
11.098221229737115,0.6888888888888889,9.80665,0.9,7.7929901284559335,28.054764462441362,0.09010452930245716
12.044651132381807,0.6888888888888889,9.80665,0.9,8.118476725302203,29.226516211087933,0.083024405523172
13.07179032546847,0.6888888888888889,9.80665,0.9,8.457557786273322,30.44720803058396,0.07650061507272239
14.18652150527016,0.6888888888888889,9.80665,0.9,8.81080110573204,31.718883980635344,0.07048944306950151
15.396314308023445,0.6888888888888889,9.80665,0.9,9.178798192873519,33.04367349434467,0.06495060960653891
16.70927536277212,0.6888888888888889,9.80665,0.9,9.562165262212933,34.423794943966556,0.05984699984225389
18.134202612598305,0.6888888888888889,9.80665,0.9,9.961544265442338,35.86155935559242,0.055144415299808874
19.68064426823892,0.6888888888888889,9.80665,0.9,10.377603966384719,37.35937427898499,0.050811344708558304
21.35896278912639,0.6888888888888889,9.80665,0.9,10.811041060845174,38.91974781904263,0.046818752852038716
23.180404320580113,0.6888888888888889,9.80665,0.9,11.262581343234448,40.54529283564401,0.043139886007604114
25.157174052436584,0.6888888888888889,9.80665,0.9,11.732980921918376,42.238731318906154,0.039750092673987984
27.302518004084163,0.6888888888888889,9.80665,0.9,12.223027485328322,44.00289894718196,0.03662665838551634
29.630811783930948,0.6888888888888889,9.80665,0.9,12.733541620952696,45.840749835429705,0.033748653506088175
32.15765691806901,0.6888888888888889,9.80665,0.9,13.265378189418287,47.75536148190584,0.031096792983014623
34.899985393617925,0.6888888888888889,9.80665,0.9,13.81942775596227,49.749939921464176,0.0286533071209499
37.87617311727583,0.6888888888888889,9.80665,0.9,14.396618081691875,51.82782509409075,0.02640182250999076
41.106163049345874,0.6888888888888889,9.80665,0.9,14.997915677128944,53.9924964376642,0.024327252310062372
44.61159883833952,0.6888888888888889,9.80665,0.9,15.624327420640713,56.24757871430656,0.02241569515640388
48.415969851620716,0.6888888888888889,9.80665,0.9,16.276902244466886,58.59684808008079,0.020654342008735473
52.54476857391859,0.6888888888888889,9.80665,0.9,16.956732891166375,61.04423840819895,0.01903139031991789
57.02566142841072,0.6888888888888889,9.80665,0.9,17.664957743424793,63.59384787632926,0.017535964948962268
61.88867416502191,0.6888888888888889,9.80665,0.9,18.40276273028672,66.2499458290322,0.01615804528844112
67.16639305819612,0.6888888888888889,9.80665,0.9,19.17138331300485,69.01697992681746,0.014888398117992625
72.89418326233583,0.6888888888888889,9.80665,0.9,19.972106553831242,71.89958359379247,0.013718515733980334
79.11042578807361,0.6888888888888889,9.80665,0.9,20.80627327121495,74.90258377637382,0.012640558940725057
85.8567746873161,0.6888888888888889,9.80665,0.9,21.67528028501481,78.03100902605333,0.011647304521302186
93.17843617041748,0.6888888888888889,9.80665,0.9,22.58058275548726,81.29009791975413,0.010732096835914515
101.12447152580039,0.6888888888888889,9.80665,0.9,23.523696619965527,84.6853078318759,0.009888803223509207
109.7481258718426,0.6888888888888889,9.80665,0.9,24.50620113131076,88.22232407271873,0.009111772907791985
119.10718494394104,0.6888888888888889,9.80665,0.9,25.52974150238538,91.90706940858738,0.008395799132274511
129.2643623075289,0.6888888888888889,9.80665,0.9,26.596031660977275,95.74571397951819,0.007736084270627743
140.28771959169813,0.6888888888888889,9.80665,0.9,27.70685711978771,99.74468563123575,0.007128207678551341
152.25112255934317,0.6888888888888889,9.80665,0.9,28.864077966288708,103.91068067863935,0.006568096071739821
165.2347360698837,0.6888888888888889,9.80665,0.9,30.0696319774567,108.25067511884413,0.006051996231452594
179.32556125123102,0.6888888888888889,9.80665,0.9,31.325537864598058,112.77193631255301,0.00557644985479244
194.61801848049907,0.6888888888888889,9.80665,0.9,32.6338986536996,117.48203515331858,0.005138270381168232
211.21458007992592,0.6888888888888889,9.80665,0.9,33.99690520696508,122.3888587450743,0.004734521639659483
229.22645696759918,0.6888888888888889,9.80665,0.9,35.41683989143426,127.50062360916333,0.004362498174202241
248.7743438641171,0.6888888888888889,9.80665,0.9,36.89608040082733,132.8258894429784,0.0040197071147586244
269.98922804870523,0.6888888888888889,9.80665,0.9,38.4371037370151,138.37357345325435,0.0037038514729913707
293.0132670841307,0.6888888888888889,9.80665,0.9,40.04249035778156,144.15296528801363,0.0034128147505105206
318.000741391904,0.6888888888888889,9.80665,0.9,41.71492849782402,150.17374259216646,0.0031446467565545717
345.1190880608327,0.6888888888888889,9.80665,0.9,43.457218670226986,156.44598721281716,0.002897550540072516
374.5500228163097,0.6888888888888889,9.80665,0.9,45.27227835594728,162.9802020814102,0.002669870348640799
406.4907576684666,0.6888888888888889,9.80665,0.9,47.163146889162554,169.7873288009852,0.0024600805335298643
441.15532239847073,0.6888888888888889,9.80665,0.9,49.13299054666448,176.87876596799214,0.0022667753265747893
478.7759987380311,0.6888888888888889,9.80665,0.9,51.18510784981865,184.26638825934714,0.0020886594203465155
519.604876852311,0.6888888888888889,9.80665,0.9,53.3229350879686,191.96256631668697,0.0019245392885029315
563.9155445560118,0.6888888888888889,9.80665,0.9,55.55005207253436,199.9801874611237,0.0017733151881587713
612.0049205817791,0.6888888888888889,9.80665,0.9,57.87018813143951,208.33267727318224,0.001633973790683559
664.1952441853756,0.6888888888888889,9.80665,0.9,60.287228353905164,217.03402207405858,0.0015055813915477267
720.8362344196568,0.6888888888888889,9.80665,0.9,62.80522009606774,226.0987923458439,0.0013872776537171404
782.3074335462875,0.6888888888888889,9.80665,0.9,65.42837975831421,235.54216712993116,0.001278269842671554
849.0207502880353,0.6888888888888889,9.80665,0.9,68.16109984568314,245.3799594444593,0.001177827514416749
921.42321996357,0.6888888888888889,9.80665,0.9,71.00795632315511,255.6286427633584,0.0010852776208955714
1000.0,0.6888888888888889,9.80665,0.9,73.97371627814842,266.3053786013343,0.001
8.0,0.7666666666666666,9.80665,0.9,6.979931031177887,25.127751712240393,0.125
8.682220967164563,0.7666666666666666,9.80665,0.9,7.2714589248504415,26.17725212946159,0.11517790249544636
9.422620115333999,0.7666666666666666,9.80665,0.9,7.575162943531904,27.270586596714853,0.10612759378600434
10.22615874137243,0.7666666666666666,9.80665,0.9,7.891551642401553,28.409585912645593,0.09778842919328595
11.098221229737115,0.7666666666666666,9.80665,0.9,8.221154817252593,29.596157342109336,0.09010452930245716
12.044651132381807,0.7666666666666666,9.80665,0.9,8.56452439164009,30.832287809904322,0.083024405523172
13.07179032546847,0.7666666666666666,9.80665,0.9,8.922235341082054,32.1200472278954,0.07650061507272239
14.18652150527016,0.7666666666666666,9.80665,0.9,9.294886655861243,33.461591961100474,0.07048944306950151
15.396314308023445,0.7666666666666666,9.80665,0.9,9.68310234403991,34.859168438543676,0.06495060960653891
16.70927536277212,0.7666666666666666,9.80665,0.9,10.087532476367075,36.31511691492147,0.05984699984225389
18.134202612598305,0.7666666666666666,9.80665,0.9,10.508854274827959,37.831875389380656,0.055144415299808874
19.68064426823892,0.7666666666666666,9.80665,0.9,10.94777324665846,39.41198368797046,0.050811344708558304
21.35896278912639,0.7666666666666666,9.80665,0.9,11.405024365723534,41.058087716604724,0.046818752852038716
23.180404320580113,0.7666666666666666,9.80665,0.9,11.881373303237673,42.77294389165562,0.043139886007604114
25.157174052436584,0.7666666666666666,9.80665,0.9,12.37761770988845,44.55942375559842,0.039750092673987984
27.302518004084163,0.7666666666666666,9.80665,0.9,12.89458855150993,46.420518785435746,0.03662665838551634
29.630811783930948,0.7666666666666666,9.80665,0.9,13.433151500542621,48.35934540195344,0.033748653506088175
32.15765691806901,0.7666666666666666,9.80665,0.9,13.994208385609957,50.379150188195844,0.031096792983014623
34.899985393617925,0.7666666666666666,9.80665,0.9,14.578698701638658,52.48331532589917,0.0286533071209499
37.87617311727583,0.7666666666666666,9.80665,0.9,15.18760118305162,54.67536425898584,0.02640182250999076
41.106163049345874,0.7666666666666666,9.80665,0.9,15.821935442667748,56.958967593603894,0.024327252310062372
44.61159883833952,0.7666666666666666,9.80665,0.9,16.482763679053015,59.33794924459085,0.02241569515640388
48.415969851620716,0.7666666666666666,9.80665,0.9,17.17119245518176,61.81629283865434,0.020654342008735473
52.54476857391859,0.7666666666666666,9.80665,0.9,17.88837455138658,64.39814838499169,0.01903139031991789
57.02566142841072,0.7666666666666666,9.80665,0.9,18.635510895699635,67.08783922451869,0.017535964948962268
61.88867416502191,0.7666666666666666,9.80665,0.9,19.413852574817703,69.88986926934373,0.01615804528844112
67.16639305819612,0.7666666666666666,9.80665,0.9,20.22470292905838,72.80893054461018,0.014888398117992625
72.89418326233583,0.7666666666666666,9.80665,0.9,21.069419734815494,75.84991104533577,0.013718515733980334
79.11042578807361,0.7666666666666666,9.80665,0.9,21.949417478168165,79.0179029214054,0.012640558940725057
85.8567746873161,0.7666666666666666,9.80665,0.9,22.86616972345075,82.3182110044227,0.011647304521302186
93.17843617041748,0.7666666666666666,9.80665,0.9,23.82121158075,85.7563616907,0.010732096835914515
101.12447152580039,0.7666666666666666,9.80665,0.9,24.81614227646095,89.33811219525943,0.009888803223509207
109.7481258718426,0.7666666666666666,9.80665,0.9,25.85262783120637,93.06946019234293,0.009111772907791985
119.10718494394104,0.7666666666666666,9.80665,0.9,26.932403849603546,96.95665385857276,0.008395799132274511
129.2643623075289,0.7666666666666666,9.80665,0.9,28.05727842655026,101.00620233558094,0.007736084270627743
140.28771959169813,0.7666666666666666,9.80665,0.9,29.229135174896435,105.22488662962716,0.007128207678551341
152.25112255934317,0.7666666666666666,9.80665,0.9,30.449936379571103,109.61977096645597,0.006568096071739821
165.2347360698837,0.7666666666666666,9.80665,0.9,31.72172628344664,114.1982146204079,0.006051996231452594
179.32556125123102,0.7666666666666666,9.80665,0.9,33.0466345104424,118.96788423759266,0.00557644985479244
194.61801848049907,0.7666666666666666,9.80665,0.9,34.42687963159948,123.93676667375814,0.005138270381168232
211.21458007992592,0.7666666666666666,9.80665,0.9,35.86477288009838,129.11318236835416,0.004734521639659483
229.22645696759918,0.7666666666666666,9.80665,0.9,37.36272202144045,134.50579927718562,0.004362498174202241
248.7743438641171,0.7666666666666666,9.80665,0.9,38.92323538527318,140.12364738698346,0.0040197071147586244
269.98922804870523,0.7666666666666666,9.80665,0.9,40.548926065611425,145.97613383620114,0.0037038514729913707
293.0132670841307,0.7666666666666666,9.80665,0.9,42.24251629648755,152.07305866735518,0.0034128147505105206
318.000741391904,0.7666666666666666,9.80665,0.9,44.00684201035719,158.4246312372859,0.0031446467565545717
345.1190880608327,0.7666666666666666,9.80665,0.9,45.84485758689437,165.04148731281973,0.002897550540072516
374.5500228163097,0.7666666666666666,9.80665,0.9,47.759640800127684,171.93470688045966,0.002669870348640799
406.4907576684666,0.7666666666666666,9.80665,0.9,49.754397972201,179.1158326999236,0.0024600805335298643
441.15532239847073,0.7666666666666666,9.80665,0.9,51.83246934238958,186.59688963260248,0.0022667753265747893
478.7759987380311,0.7666666666666666,9.80665,0.9,53.99733466036169,194.39040477730208,0.0020886594203465155
519.604876852311,0.7666666666666666,9.80665,0.9,56.25261901305118,202.50942844698426,0.0019245392885029315
563.9155445560118,0.7666666666666666,9.80665,0.9,58.60209889489924,210.96755602163728,0.0017733151881587713
612.0049205817791,0.7666666666666666,9.80665,0.9,61.049708531629136,219.7789507138649,0.001633973790683559
664.1952441853756,0.7666666666666666,9.80665,0.9,63.59954646814321,228.95836728531555,0.0015055813915477267
720.8362344196568,0.7666666666666666,9.80665,0.9,66.25588243157446,238.52117675366807,0.0013872776537171404
782.3074335462875,0.7666666666666666,9.80665,0.9,69.02316448098378,248.48339213154162,0.001278269842671554
849.0207502880353,0.7666666666666666,9.80665,0.9,71.90602645567583,258.861695240433,0.001177827514416749
921.42321996357,0.7666666666666666,9.80665,0.9,74.9092957346057,269.6734646445806,0.0010852776208955714
1000.0,0.7666666666666666,9.80665,0.9,78.03800131986979,280.93680475153127,0.001
8.0,0.8444444444444446,9.80665,0.9,7.325434376199135,26.371563754316888,0.125
8.682220967164563,0.8444444444444446,9.80665,0.9,7.631392765242054,27.473013954871394,0.11517790249544636
9.422620115333999,0.8444444444444446,9.80665,0.9,7.9501299918280255,28.620467970580894,0.10612759378600434
10.22615874137243,0.8444444444444446,9.80665,0.9,8.282179784381565,29.815847223773634,0.09778842919328595
11.098221229737115,0.8444444444444446,9.80665,0.9,8.628098163341642,31.06115338802991,0.09010452930245716
12.044651132381807,0.8444444444444446,9.80665,0.9,8.988464372223016,32.358471740002855,0.083024405523172
13.07179032546847,0.8444444444444446,9.80665,0.9,9.36388184756486,33.709974651233495,0.07650061507272239
14.18652150527016,0.8444444444444446,9.80665,0.9,9.754979229390795,35.117925225806864,0.07048944306950151
15.396314308023445,0.8444444444444446,9.80665,0.9,10.16241141387241,36.58468108994068,0.06495060960653891
16.70927536277212,0.8444444444444446,9.80665,0.9,10.586860649958949,38.112698339852216,0.05984699984225389
18.134202612598305,0.8444444444444446,9.80665,0.9,11.029037681809445,39.704535654514004,0.055144415299808874
19.68064426823892,0.8444444444444446,9.80665,0.9,11.489682938940382,41.362858580185375,0.050811344708558304
21.35896278912639,0.8444444444444446,9.80665,0.9,11.969567776081753,43.09044399389431,0.046818752852038716
23.180404320580113,0.8444444444444446,9.80665,0.9,12.469495764817648,44.89018475334353,0.043139886007604114
25.157174052436584,0.8444444444444446,9.80665,0.9,12.990304039174289,46.76509454102744,0.039750092673987984
27.302518004084163,0.8444444444444446,9.80665,0.9,13.532864697408689,48.71831291067128,0.03662665838551634
29.630811783930948,0.8444444444444446,9.80665,0.9,14.098086262345197,50.753110544442706,0.033748653506088175
32.15765691806901,0.8444444444444446,9.80665,0.9,14.686915202705359,52.87289472973929,0.031096792983014623
34.899985393617925,0.8444444444444446,9.80665,0.9,15.30033751797852,55.08121506472267,0.0286533071209499
37.87617311727583,0.8444444444444446,9.80665,0.9,15.93938038948706,57.38176940215342,0.02640182250999076
41.106163049345874,0.8444444444444446,9.80665,0.9,16.60511390041097,59.778410041479496,0.024327252310062372
44.61159883833952,0.8444444444444446,9.80665,0.9,17.298652827652027,62.2751501795473,0.02241569515640388
48.415969851620716,0.8444444444444446,9.80665,0.9,18.02115850853799,64.87617063073677,0.020654342008735473
52.54476857391859,0.8444444444444446,9.80665,0.9,18.77384078549263,67.58582682777347,0.01903139031991789
57.02566142841072,0.8444444444444446,9.80665,0.9,19.557960031928076,70.40865611494108,0.017535964948962268
61.88867416502191,0.8444444444444446,9.80665,0.9,20.374829262751675,73.34938534590603,0.01615804528844112
67.16639305819612,0.8444444444444446,9.80665,0.9,21.225816333021562,76.41293879887763,0.014888398117992625
72.89418326233583,0.8444444444444446,9.80665,0.9,22.112346228432585,79.60444642235731,0.013718515733980334
79.11042578807361,0.8444444444444446,9.80665,0.9,23.035903451467988,82.92925242528476,0.012640558940725057
85.8567746873161,0.8444444444444446,9.80665,0.9,23.998034507212463,86.39292422596486,0.011647304521302186
93.17843617041748,0.8444444444444446,9.80665,0.9,25.00035049298924,90.00126177476128,0.010732096835914515
101.12447152580039,0.8444444444444446,9.80665,0.9,26.044529796157338,93.76030726616642,0.009888803223509207
109.7481258718426,0.8444444444444446,9.80665,0.9,27.132320904586766,97.67635525651237,0.009111772907791985
119.10718494394104,0.8444444444444446,9.80665,0.9,28.26554533451746,101.75596320426286,0.008395799132274511
129.2643623075289,0.8444444444444446,9.80665,0.9,29.44610068070508,106.00596245053829,0.007736084270627743
140.28771959169813,0.8444444444444446,9.80665,0.9,30.675963793960996,110.43346965825958,0.007128207678551341
152.25112255934317,0.8444444444444446,9.80665,0.9,31.957194091407068,115.04589872906544,0.006568096071739821
165.2347360698837,0.8444444444444446,9.80665,0.9,33.29193700498864,119.85097321795911,0.006051996231452594
179.32556125123102,0.8444444444444446,9.80665,0.9,34.68242757402024,124.85673926647286,0.00557644985479244
194.61801848049907,0.8444444444444446,9.80665,0.9,36.1309941877793,130.0715790760055,0.005138270381168232
211.21458007992592,0.8444444444444446,9.80665,0.9,37.64006248441561,135.5042249438962,0.004734521639659483
229.22645696759918,0.8444444444444446,9.80665,0.9,39.2121594127048,141.16377388573727,0.004362498174202241
248.7743438641171,0.8444444444444446,9.80665,0.9,40.84991746344723,147.05970286841003,0.0040197071147586244
269.98922804870523,0.8444444444444446,9.80665,0.9,42.55607907759811,153.2018846793532,0.0037038514729913707
293.0132670841307,0.8444444444444446,9.80665,0.9,44.333501238510415,159.6006044586375,0.0034128147505105206
318.000741391904,0.8444444444444446,9.80665,0.9,46.18516025597948,166.26657692152614,0.0031446467565545717
345.1190880608327,0.8444444444444446,9.80665,0.9,48.114156750101394,173.21096430036502,0.002897550540072516
374.5500228163097,0.8444444444444446,9.80665,0.9,50.12372084329006,180.44539503584423,0.002669870348640799
406.4907576684666,0.8444444444444446,9.80665,0.9,52.21721756914664,187.98198324892792,0.0024600805335298643
441.15532239847073,0.8444444444444446,9.80665,0.9,54.39815250723954,195.83334902606234,0.0022667753265747893
478.7759987380311,0.8444444444444446,9.80665,0.9,56.670177653229835,204.01263955162742,0.0020886594203465155
519.604876852311,0.8444444444444446,9.80665,0.9,59.03709753417136,212.5335511230169,0.0019245392885029315
563.9155445560118,0.8444444444444446,9.80665,0.9,61.50287557922658,221.4103520852157,0.0017733151881587713
612.0049205817791,0.8444444444444446,9.80665,0.9,64.07164075646526,230.65790672327492,0.001633973790683559
664.1952441853756,0.8444444444444446,9.80665,0.9,66.74769448685934,240.29170015269364,0.0015055813915477267
720.8362344196568,0.8444444444444446,9.80665,0.9,69.53551784705228,250.3278642493882,0.0013872776537171404
782.3074335462875,0.8444444444444446,9.80665,0.9,72.4397790729631,260.7832046626672,0.001278269842671554
849.0207502880353,0.8444444444444446,9.80665,0.9,75.46534137679043,271.67522895644555,0.001177827514416749
921.42321996357,0.8444444444444446,9.80665,0.9,78.61727109050612,283.02217592582207,0.0010852776208955714
1000.0,0.8444444444444446,9.80665,0.9,81.90084614947517,294.84304613811065,0.001
8.0,0.9222222222222223,9.80665,0.9,7.655360239727456,27.55929686301884,0.125
8.682220967164563,0.9222222222222223,9.80665,0.9,7.975098505911405,28.71035462128106,0.11517790249544636
9.422620115333999,0.9222222222222223,9.80665,0.9,8.308191148069959,29.909488133051852,0.10612759378600434
10.22615874137243,0.9222222222222223,9.80665,0.9,8.655195932903352,31.158705358452067,0.09778842919328595
11.098221229737115,0.9222222222222223,9.80665,0.9,9.016693923123004,32.460098123242815,0.09010452930245716
12.044651132381807,0.9222222222222223,9.80665,0.9,9.393290450446367,33.81584562160692,0.083024405523172
13.07179032546847,0.9222222222222223,9.80665,0.9,9.785616129230483,35.22821806522974,0.07650061507272239
14.18652150527016,0.9222222222222223,9.80665,0.9,10.19432791244152,36.69958048478947,0.07048944306950151
15.396314308023445,0.9222222222222223,9.80665,0.9,10.620110191728582,38.2323966902229,0.06495060960653891
16.70927536277212,0.9222222222222223,9.80665,0.9,11.06367594344384,39.829233396397825,0.05984699984225389
18.134202612598305,0.9222222222222223,9.80665,0.9,11.525767922527999,41.492764521100796,0.055144415299808874
19.68064426823892,0.9222222222222223,9.80665,0.9,12.007159906260288,43.22577566253704,0.050811344708558304
21.35896278912639,0.9222222222222223,9.80665,0.9,12.508657989955669,45.03116876384041,0.046818752852038716
23.180404320580113,0.9222222222222223,9.80665,0.9,13.03110193677885,46.91196697240386,0.043139886007604114
25.157174052436584,0.9222222222222223,9.80665,0.9,13.575366583935457,48.871319702167646,0.039750092673987984
27.302518004084163,0.9222222222222223,9.80665,0.9,14.142363307595012,50.91250790734205,0.03662665838551634
29.630811783930948,0.9222222222222223,9.80665,0.9,14.733041548998706,53.038949576395346,0.033748653506088175
32.15765691806901,0.9222222222222223,9.80665,0.9,15.348390404307526,55.2542054555071,0.031096792983014623
34.899985393617925,0.9222222222222223,9.80665,0.9,15.989440280852905,57.56198501107046,0.0286533071209499
37.87617311727583,0.9222222222222223,9.80665,0.9,16.65726462256328,59.96615264122781,0.02640182250999076
41.106163049345874,0.9222222222222223,9.80665,0.9,17.352981707455847,62.470734146841046,0.024327252310062372
44.61159883833952,0.9222222222222223,9.80665,0.9,18.077756520203433,65.07992347273236,0.02241569515640388
48.415969851620716,0.9222222222222223,9.80665,0.9,18.83280270291204,67.79808973048335,0.020654342008735473
52.54476857391859,0.9222222222222223,9.80665,0.9,19.619384587375766,70.62978451455275,0.01903139031991789
57.02566142841072,0.9222222222222223,9.80665,0.9,20.43881931221205,73.57974952396339,0.017535964948962268
61.88867416502191,0.9222222222222223,9.80665,0.9,21.292479028422406,76.65292450232066,0.01615804528844112
67.16639305819612,0.9222222222222223,9.80665,0.9,22.181793197071936,79.85445550945897,0.014888398117992625
72.89418326233583,0.9222222222222223,9.80665,0.9,23.108250982935086,83.1897035385663,0.013718515733980334
79.11042578807361,0.9222222222222223,9.80665,0.9,24.073403748115787,86.66425349321683,0.012640558940725057
85.8567746873161,0.9222222222222223,9.80665,0.9,25.07886764981753,90.2839235393431,0.011647304521302186
93.17843617041748,0.9222222222222223,9.80665,0.9,26.126326346613613,94.05477484780901,0.010732096835914515
101.12447152580039,0.9222222222222223,9.80665,0.9,27.21753381774885,97.98312174389586,0.009888803223509207
109.7481258718426,0.9222222222222223,9.80665,0.9,28.35431730019409,102.07554228069873,0.009111772907791985
119.10718494394104,0.9222222222222223,9.80665,0.9,29.53858034837123,106.33888925413643,0.008395799132274511
129.2643623075289,0.9222222222222223,9.80665,0.9,30.772306021672748,110.7803016780219,0.007736084270627743
140.28771959169813,0.9222222222222223,9.80665,0.9,32.05756020511298,115.40721673840672,0.007128207678551341
152.25112255934317,0.9222222222222223,9.80665,0.9,33.39649506867146,120.22738224721726,0.006568096071739821
165.2347360698837,0.9222222222222223,9.80665,0.9,34.79135267112152,125.24886961603748,0.006051996231452594
179.32556125123102,0.9222222222222223,9.80665,0.9,36.244468714378414,130.4800873717623,0.00557644985479244
194.61801848049907,0.9222222222222223,9.80665,0.9,37.75827645465355,135.92979523675277,0.005138270381168232
211.21458007992592,0.9222222222222223,9.80665,0.9,39.335310776964526,141.6071187970723,0.004734521639659483
229.22645696759918,0.9222222222222223,9.80665,0.9,40.97821243982363,147.52156478336508,0.004362498174202241
248.7743438641171,0.9222222222222223,9.80665,0.9,42.68973249721199,153.68303698996317,0.0040197071147586244
269.98922804870523,0.9222222222222223,9.80665,0.9,44.47273690524505,160.10185285888218,0.0037038514729913707
293.0132670841307,0.9222222222222223,9.80665,0.9,46.330211321242544,166.78876075647315,0.0034128147505105206
318.000741391904,0.9222222222222223,9.80665,0.9,48.26526610323902,173.75495797166047,0.0031446467565545717
345.1190880608327,0.9222222222222223,9.80665,0.9,50.28114151830712,181.01210946590564,0.002897550540072516
374.5500228163097,0.9222222222222223,9.80665,0.9,52.38121316841486,188.5723674062935,0.002669870348640799
406.4907576684666,0.9222222222222223,9.80665,0.9,54.5689976429019,196.44839151444683,0.0024600805335298643
441.15532239847073,0.9222222222222223,9.80665,0.9,56.84815840704099,204.65337026534758,0.0022667753265747893
478.7759987380311,0.9222222222222223,9.80665,0.9,59.22251193654456,213.2010429715604,0.0020886594203465155
519.604876852311,0.9222222222222223,9.80665,0.9,61.696034108287996,222.1057227898368,0.0019245392885029315
563.9155445560118,0.9222222222222223,9.80665,0.9,64.27286685795258,231.38232068862928,0.0017733151881587713
612.0049205817791,0.9222222222222223,9.80665,0.9,66.95732511573478,241.0463704166452,0.001633973790683559
664.1952441853756,0.9222222222222223,9.80665,0.9,69.75390403173657,251.11405451425165,0.0015055813915477267
720.8362344196568,0.9222222222222223,9.80665,0.9,72.66728650313586,261.6022314112891,0.0013872776537171404
782.3074335462875,0.9222222222222223,9.80665,0.9,75.70235101574102,272.52846365666767,0.001278269842671554
849.0207502880353,0.9222222222222223,9.80665,0.9,78.86417981306015,283.91104732701655,0.001177827514416749
921.42321996357,0.9222222222222223,9.80665,0.9,82.15806740656477,295.7690426636332,0.0010852776208955714
1000.0,0.9222222222222223,9.80665,0.9,85.58952944139838,308.1223059890342,0.001
8.0,1.0,9.80665,0.9,7.97164299250788,28.69791477302837,0.125
8.682220967164563,1.0,9.80665,0.9,8.304591309666716,29.896528714800176,0.11517790249544636
9.422620115333999,1.0,9.80665,0.9,8.6514457415378,31.145204669536085,0.10612759378600434
10.22615874137243,1.0,9.80665,0.9,9.012787099065125,32.446033556634454,0.09778842919328595
11.098221229737115,1.0,9.80665,0.9,9.389220451683261,33.80119362605974,0.09010452930245716
12.044651132381807,1.0,9.80665,0.9,9.78137614051169,35.21295410584208,0.083024405523172
13.07179032546847,1.0,9.80665,0.9,10.189910833866842,36.68367900192063,0.07650061507272239
14.18652150527016,1.0,9.80665,0.9,10.615508626859228,38.21583105669322,0.07048944306950151
15.396314308023445,1.0,9.80665,0.9,11.058882186917007,39.81197587290123,0.06495060960653891
16.70927536277212,1.0,9.80665,0.9,11.520773947154188,41.47478620975508,0.05984699984225389
18.134202612598305,1.0,9.80665,0.9,12.001957349581696,43.207046458494105,0.055144415299808874
19.68064426823892,1.0,9.80665,0.9,12.503238140243168,45.011657304875406,0.050811344708558304
21.35896278912639,1.0,9.80665,0.9,13.025455718444132,46.89164058639888,0.046818752852038716
23.180404320580113,1.0,9.80665,0.9,13.569484542333866,48.85014435240192,0.043139886007604114
25.157174052436584,1.0,9.80665,0.9,14.13623559319365,50.89044813549714,0.039750092673987984
27.302518004084163,1.0,9.80665,0.9,14.726657900883318,53.01596844317994,0.03662665838551634
29.630811783930948,1.0,9.80665,0.9,15.341740133000494,55.23026447880178,0.033748653506088175
32.15765691806901,1.0,9.80665,0.9,15.982512250413604,57.53704410148897,0.031096792983014623
34.899985393617925,1.0,9.80665,0.9,16.650047231940867,59.940170034987126,0.0286533071209499
37.87617311727583,1.0,9.80665,0.9,17.34546287106319,62.44366633582749,0.02640182250999076
41.106163049345874,1.0,9.80665,0.9,18.069923647679666,65.0517251316468,0.024327252310062372
44.61159883833952,1.0,9.80665,0.9,18.82464267803992,67.7687136409437,0.02241569515640388
48.415969851620716,1.0,9.80665,0.9,19.610883746118404,70.59918148602625,0.020654342008735473
52.54476857391859,1.0,9.80665,0.9,20.429963419832383,73.54786831139658,0.01903139031991789
57.02566142841072,1.0,9.80665,0.9,21.283253255646997,76.61971172032919,0.017535964948962268
61.88867416502191,1.0,9.80665,0.9,22.172182095259227,79.81985554293323,0.01615804528844112
67.16639305819612,1.0,9.80665,0.9,23.098238458206477,83.15365844954331,0.014888398117992625
72.89418326233583,1.0,9.80665,0.9,24.06297303440629,86.62670292386265,0.013718515733980334
79.11042578807361,1.0,9.80665,0.9,25.068001280800903,90.24480461088325,0.012640558940725057
85.8567746873161,1.0,9.80665,0.9,26.115006126454738,94.01402205523706,0.011647304521302186
93.17843617041748,1.0,9.80665,0.9,27.20574079063472,97.940666846285,0.010732096835914515
101.12447152580039,1.0,9.80665,0.9,28.342031718592036,102.03131418693133,0.009888803223509207
109.7481258718426,1.0,9.80665,0.9,29.52578163996163,106.29281390386187,0.009111772907791985
119.10718494394104,1.0,9.80665,0.9,30.758972754900395,110.73230191764142,0.008395799132274511
129.2643623075289,1.0,9.80665,0.9,32.043670053299664,115.35721219187879,0.007736084270627743
140.28771959169813,1.0,9.80665,0.9,33.38202477262996,120.17528918146786,0.007128207678551341
152.25112255934317,1.0,9.80665,0.9,34.776278000207725,125.1946008007478,0.006568096071739821
165.2347360698837,1.0,9.80665,0.9,36.228764425916836,130.42355193330062,0.006051996231452594
179.32556125123102,1.0,9.80665,0.9,37.7419162516684,135.87089850600626,0.00557644985479244
194.61801848049907,1.0,9.80665,0.9,39.318267264145135,141.54576215092249,0.005138270381168232
211.21458007992592,1.0,9.80665,0.9,40.960457077650545,147.45764547954198,0.004734521639659483
229.22645696759918,1.0,9.80665,0.9,42.671235554167616,153.61644799500343,0.004362498174202241
248.7743438641171,1.0,9.80665,0.9,44.453467408027755,160.03248266889992,0.0040197071147586244
269.98922804870523,1.0,9.80665,0.9,46.3101370029015,166.7164932104454,0.0037038514729913707
293.0132670841307,1.0,9.80665,0.9,48.24435334914313,173.67967205691528,0.0034128147505105206
318.000741391904,1.0,9.80665,0.9,50.25935530985691,180.93367911548486,0.0031446467565545717
345.1190880608327,1.0,9.80665,0.9,52.3585170244033,188.49066128785188,0.002897550540072516
374.5500228163097,1.0,9.80665,0.9,54.54535355842665,196.36327281033593,0.002669870348640799
406.4907576684666,1.0,9.80665,0.9,56.82352678986468,204.56469644351284,0.0024600805335298643
441.15532239847073,1.0,9.80665,0.9,59.196851540797,213.1086655468692,0.0022667753265747893
478.7759987380311,1.0,9.80665,0.9,61.66930196540004,222.00948707544015,0.0020886594203465155
519.604876852311,1.0,9.80665,0.9,64.24501820470448,231.28206553693613,0.0019245392885029315
563.9155445560118,1.0,9.80665,0.9,66.92831331929986,240.9419279494795,0.0017733151881587713
612.0049205817791,1.0,9.80665,0.9,69.72368051159431,251.00524984173953,0.001633973790683559
664.1952441853756,1.0,9.80665,0.9,72.63580064972311,261.4888823390032,0.0015055813915477267
720.8362344196568,1.0,9.80665,0.9,75.6695501057059,272.41038038054126,0.0013872776537171404
782.3074335462875,1.0,9.80665,0.9,78.83000892097644,283.7880321155152,0.001278269842671554
849.0207502880353,1.0,9.80665,0.9,82.12246931295874,295.6408895266515,0.001177827514416749
921.42321996357,1.0,9.80665,0.9,85.5524445369339,307.98880033296206,0.0010852776208955714
1000.0,1.0,9.80665,0.9,89.12567811803734,320.85244122493447,0.001
